"Label (Grouping)","Milpitas city, California!!Total!!Estimate","Milpitas city, California!!Total!!Margin of Error","Milpitas city, California!!Percent!!Estimate","Milpitas city, California!!Percent!!Margin of Error","Milpitas city, California!!Male!!Estimate","Milpitas city, California!!Male!!Margin of Error","Milpitas city, California!!Percent Male!!Estimate","Milpitas city, California!!Percent Male!!Margin of Error","Milpitas city, California!!Female!!Estimate","Milpitas city, California!!Female!!Margin of Error","Milpitas city, California!!Percent Female!!Estimate","Milpitas city, California!!Percent Female!!Margin of Error","Mountain View city, California!!Total!!Estimate","Mountain View city, California!!Total!!Margin of Error","Mountain View city, California!!Percent!!Estimate","Mountain View city, California!!Percent!!Margin of Error","Mountain View city, California!!Male!!Estimate","Mountain View city, California!!Male!!Margin of Error","Mountain View city, California!!Percent Male!!Estimate","Mountain View city, California!!Percent Male!!Margin of Error","Mountain View city, California!!Female!!Estimate","Mountain View city, California!!Female!!Margin of Error","Mountain View city, California!!Percent Female!!Estimate","Mountain View city, California!!Percent Female!!Margin of Error","Palo Alto city, California!!Total!!Estimate","Palo Alto city, California!!Total!!Margin of Error","Palo Alto city, California!!Percent!!Estimate","Palo Alto city, California!!Percent!!Margin of Error","Palo Alto city, California!!Male!!Estimate","Palo Alto city, California!!Male!!Margin of Error","Palo Alto city, California!!Percent Male!!Estimate","Palo Alto city, California!!Percent Male!!Margin of Error","Palo Alto city, California!!Female!!Estimate","Palo Alto city, California!!Female!!Margin of Error","Palo Alto city, California!!Percent Female!!Estimate","Palo Alto city, California!!Percent Female!!Margin of Error","San Jose city, California!!Total!!Estimate","San Jose city, California!!Total!!Margin of Error","San Jose city, California!!Percent!!Estimate","San Jose city, California!!Percent!!Margin of Error","San Jose city, California!!Male!!Estimate","San Jose city, California!!Male!!Margin of Error","San Jose city, California!!Percent Male!!Estimate","San Jose city, California!!Percent Male!!Margin of Error","San Jose city, California!!Female!!Estimate","San Jose city, California!!Female!!Margin of Error","San Jose city, California!!Percent Female!!Estimate","San Jose city, California!!Percent Female!!Margin of Error","Santa Clara city, California!!Total!!Estimate","Santa Clara city, California!!Total!!Margin of Error","Santa Clara city, California!!Percent!!Estimate","Santa Clara city, California!!Percent!!Margin of Error","Santa Clara city, California!!Male!!Estimate","Santa Clara city, California!!Male!!Margin of Error","Santa Clara city, California!!Percent Male!!Estimate","Santa Clara city, California!!Percent Male!!Margin of Error","Santa Clara city, California!!Female!!Estimate","Santa Clara city, California!!Female!!Margin of Error","Santa Clara city, California!!Percent Female!!Estimate","Santa Clara city, California!!Percent Female!!Margin of Error","Sunnyvale city, California!!Total!!Estimate","Sunnyvale city, California!!Total!!Margin of Error","Sunnyvale city, California!!Percent!!Estimate","Sunnyvale city, California!!Percent!!Margin of Error","Sunnyvale city, California!!Male!!Estimate","Sunnyvale city, California!!Male!!Margin of Error","Sunnyvale city, California!!Percent Male!!Estimate","Sunnyvale city, California!!Percent Male!!Margin of Error","Sunnyvale city, California!!Female!!Estimate","Sunnyvale city, California!!Female!!Margin of Error","Sunnyvale city, California!!Percent Female!!Estimate","Sunnyvale city, California!!Percent Female!!Margin of Error"
"AGE BY EDUCATIONAL ATTAINMENT","","","","","","","","","","","","","","","","","","","","","","","","","","","","","","","","","","","","","","","","","","","","","","","","","","","","","","","","","","","","","","","","","","","","","","","",""
"    Population 18 to 24 years","4,728","±1,155","(X)","(X)","2,792","±871","(X)","(X)","1,936","±730","(X)","(X)","4,999","±1,149","(X)","(X)","3,514","±957","(X)","(X)","1,485","±636","(X)","(X)","N","N","(X)","(X)","N","N","(X)","(X)","N","N","(X)","(X)","82,826","±3,700","(X)","(X)","41,598","±2,612","(X)","(X)","41,228","±2,572","(X)","(X)","12,165","±2,337","(X)","(X)","6,048","±1,677","(X)","(X)","6,117","±1,741","(X)","(X)","9,641","±1,847","(X)","(X)","5,281","±1,393","(X)","(X)","4,360","±1,188","(X)","(X)"
"        Less than high school graduate","470","±274","9.9%","±5.6","333","±253","11.9%","±8.1","137","±128","7.1%","±6.8","792","±447","15.8%","±7.8","708","±402","20.1%","±10.0","84","±139","5.7%","±9.6","N","N","N","N","N","N","N","N","N","N","N","N","5,539","±1,180","6.7%","±1.4","3,436","±800","8.3%","±1.9","2,103","±704","5.1%","±1.7","402","±458","3.3%","±3.6","48","±79","0.8%","±1.3","354","±453","5.8%","±7.3","902","±593","9.4%","±6.2","600","±467","11.4%","±8.6","302","±320","6.9%","±7.5"
"        High school graduate (includes equivalency)","1,284","±660","27.2%","±11.8","827","±544","29.6%","±15.2","457","±319","23.6%","±16.7","1,288","±607","25.8%","±11.7","1,014","±485","28.9%","±14.0","274","±271","18.5%","±16.6","N","N","N","N","N","N","N","N","N","N","N","N","24,466","±2,393","29.5%","±2.5","12,301","±1,790","29.6%","±3.6","12,165","±1,777","29.5%","±3.9","2,823","±1,283","23.2%","±9.1","1,715","±959","28.4%","±12.8","1,108","±531","18.1%","±8.7","1,795","±666","18.6%","±6.8","823","±375","15.6%","±7.0","972","±619","22.3%","±12.8"
"        Some college or associate's degree","2,163","±738","45.7%","±11.6","1,387","±558","49.7%","±17.0","776","±426","40.1%","±13.0","1,136","±601","22.7%","±9.9","693","±512","19.7%","±12.6","443","±331","29.8%","±19.1","N","N","N","N","N","N","N","N","N","N","N","N","38,097","±2,999","46.0%","±2.9","19,394","±2,115","46.6%","±4.2","18,703","±2,139","45.4%","±4.4","4,811","±1,227","39.5%","±8.6","2,844","±852","47.0%","±11.8","1,967","±842","32.2%","±12.3","4,001","±1,560","41.5%","±11.2","2,448","±1,197","46.4%","±15.2","1,553","±729","35.6%","±13.2"
"        Bachelor's degree or higher","811","±385","17.2%","±7.1","245","±193","8.8%","±6.4","566","±338","29.2%","±13.0","1,783","±814","35.7%","±14.6","1,099","±684","31.3%","±17.4","684","±437","46.1%","±21.4","N","N","N","N","N","N","N","N","N","N","N","N","14,724","±1,897","17.8%","±2.2","6,467","±1,174","15.5%","±2.8","8,257","±1,368","20.0%","±3.0","4,129","±1,398","33.9%","±9.2","1,441","±989","23.8%","±13.4","2,688","±1,282","43.9%","±12.8","2,943","±817","30.5%","±8.1","1,410","±512","26.7%","±9.5","1,533","±685","35.2%","±12.5"
"    Population 25 years and over","57,169","±1,640","(X)","(X)","30,447","±1,854","(X)","(X)","26,722","±1,083","(X)","(X)","59,044","±2,099","(X)","(X)","31,518","±1,721","(X)","(X)","27,526","±1,522","(X)","(X)","45,327","±2,333","(X)","(X)","22,714","±1,550","(X)","(X)","22,613","±1,632","(X)","(X)","691,752","±6,728","(X)","(X)","354,306","±4,708","(X)","(X)","337,446","±4,492","(X)","(X)","90,840","±2,582","(X)","(X)","45,051","±2,236","(X)","(X)","45,789","±1,870","(X)","(X)","112,990","±3,195","(X)","(X)","58,476","±2,587","(X)","(X)","54,514","±2,418","(X)","(X)"
"        Less than 9th grade","4,105","±1,273","7.2%","±2.2","2,339","±736","7.7%","±2.3","1,766","±709","6.6%","±2.7","1,635","±1,019","2.8%","±1.7","619","±489","2.0%","±1.5","1,016","±628","3.7%","±2.3","1,746","±1,114","3.9%","±2.5","531","±492","2.3%","±2.2","1,215","±798","5.4%","±3.6","58,090","±4,256","8.4%","±0.6","27,272","±2,691","7.7%","±0.8","30,818","±2,522","9.1%","±0.7","2,298","±1,010","2.5%","±1.1","1,368","±781","3.0%","±1.7","930","±599","2.0%","±1.3","4,657","±1,415","4.1%","±1.3","2,326","±991","4.0%","±1.7","2,331","±858","4.3%","±1.5"
"        9th to 12th grade, no diploma","2,496","±872","4.4%","±1.5","1,369","±689","4.5%","±2.2","1,127","±406","4.2%","±1.5","1,608","±892","2.7%","±1.5","538","±419","1.7%","±1.3","1,070","±653","3.9%","±2.4","309","±273","0.7%","±0.6","115","±128","0.5%","±0.6","194","±197","0.9%","±0.9","39,552","±3,554","5.7%","±0.5","20,874","±2,148","5.9%","±0.6","18,678","±2,167","5.5%","±0.6","2,838","±1,076","3.1%","±1.2","1,273","±581","2.8%","±1.2","1,565","±689","3.4%","±1.5","2,855","±916","2.5%","±0.8","888","±484","1.5%","±0.8","1,967","±762","3.6%","±1.4"
"        High school graduate (includes equivalency)","8,130","±1,291","14.2%","±2.2","3,710","±861","12.2%","±2.7","4,420","±919","16.5%","±3.3","5,232","±1,277","8.9%","±2.2","2,980","±931","9.5%","±2.9","2,252","±668","8.2%","±2.4","1,991","±802","4.4%","±1.8","1,145","±706","5.0%","±3.0","846","±345","3.7%","±1.5","112,460","±5,763","16.3%","±0.8","61,111","±4,034","17.2%","±1.1","51,349","±3,507","15.2%","±1.1","8,567","±1,614","9.4%","±1.7","4,365","±1,138","9.7%","±2.5","4,202","±954","9.2%","±2.0","12,141","±1,998","10.7%","±1.7","6,309","±1,462","10.8%","±2.4","5,832","±1,292","10.7%","±2.3"
"        Some college, no degree","6,892","±1,233","12.1%","±2.1","4,209","±982","13.8%","±2.9","2,683","±604","10.0%","±2.2","4,915","±1,130","8.3%","±1.9","2,132","±740","6.8%","±2.3","2,783","±943","10.1%","±3.5","2,846","±831","6.3%","±1.8","1,713","±667","7.5%","±2.8","1,133","±445","5.0%","±1.9","112,588","±5,786","16.3%","±0.8","55,574","±3,766","15.7%","±1.1","57,014","±3,961","16.9%","±1.1","10,318","±1,906","11.4%","±2.1","4,973","±1,228","11.0%","±2.6","5,345","±1,224","11.7%","±2.6","11,607","±1,956","10.3%","±1.7","6,102","±1,374","10.4%","±2.4","5,505","±1,189","10.1%","±2.2"
"        Associate's degree","4,274","±1,010","7.5%","±1.8","1,792","±620","5.9%","±2.1","2,482","±653","9.3%","±2.4","1,738","±605","2.9%","±1.0","511","±277","1.6%","±0.9","1,227","±538","4.5%","±2.0","1,880","±1,166","4.1%","±2.5","516","±500","2.3%","±2.2","1,364","±818","6.0%","±3.4","51,995","±4,212","7.5%","±0.6","25,435","±2,919","7.2%","±0.8","26,560","±2,707","7.9%","±0.8","6,916","±1,719","7.6%","±1.9","2,607","±895","5.8%","±2.0","4,309","±1,152","9.4%","±2.6","5,564","±1,397","4.9%","±1.2","2,619","±1,107","4.5%","±1.9","2,945","±939","5.4%","±1.7"
"        Bachelor's degree","18,853","±1,954","33.0%","±3.2","9,568","±1,417","31.4%","±4.1","9,285","±1,107","34.7%","±4.2","17,090","±2,142","28.9%","±3.2","9,326","±1,455","29.6%","±4.4","7,764","±1,402","28.2%","±4.7","12,075","±1,927","26.6%","±3.9","6,099","±1,252","26.9%","±4.8","5,976","±1,085","26.4%","±4.9","182,869","±7,673","26.4%","±1.0","92,564","±4,815","26.1%","±1.3","90,305","±4,608","26.8%","±1.2","28,145","±2,560","31.0%","±2.8","13,409","±1,657","29.8%","±3.7","14,736","±1,789","32.2%","±3.6","33,669","±3,007","29.8%","±2.5","16,758","±2,118","28.7%","±3.5","16,911","±1,996","31.0%","±3.2"
"        Graduate or professional degree","12,419","±1,498","21.7%","±2.7","7,460","±1,056","24.5%","±3.7","4,959","±992","18.6%","±3.5","26,826","±2,337","45.4%","±3.7","15,412","±1,676","48.9%","±4.6","11,414","±1,469","41.5%","±4.4","24,480","±2,170","54.0%","±4.0","12,595","±1,191","55.5%","±4.8","11,885","±1,494","52.6%","±4.7","134,198","±6,507","19.4%","±0.9","71,476","±4,503","20.2%","±1.2","62,722","±3,803","18.6%","±1.1","31,758","±3,141","35.0%","±3.3","17,056","±1,964","37.9%","±3.7","14,702","±2,008","32.1%","±4.2","42,497","±3,472","37.6%","±2.8","23,474","±2,588","40.1%","±3.7","19,023","±2,153","34.9%","±3.8"
"        High school graduate or higher","50,568","±1,920","88.5%","±2.5","26,739","±1,784","87.8%","±3.4","23,829","±1,273","89.2%","±2.8","55,801","±2,558","94.5%","±2.4","30,361","±1,822","96.3%","±2.0","25,440","±1,740","92.4%","±3.5","43,272","±2,966","95.5%","±2.6","22,068","±1,748","97.2%","±2.3","21,204","±2,030","93.8%","±3.8","594,110","±8,598","85.9%","±0.8","306,160","±5,634","86.4%","±0.9","287,950","±5,108","85.3%","±1.0","85,704","±2,441","94.3%","±1.8","42,410","±1,992","94.1%","±2.1","43,294","±1,936","94.6%","±2.0","105,478","±3,595","93.4%","±1.4","55,262","±2,969","94.5%","±1.8","50,216","±2,507","92.1%","±1.8"
"        Bachelor's degree or higher","31,272","±2,132","54.7%","±3.6","17,028","±1,504","55.9%","±4.4","14,244","±1,219","53.3%","±4.3","43,916","±3,130","74.4%","±4.1","24,738","±1,816","78.5%","±4.0","19,178","±2,010","69.7%","±5.4","36,555","±2,804","80.6%","±4.3","18,694","±1,695","82.3%","±5.2","17,861","±1,660","79.0%","±4.8","317,067","±9,486","45.8%","±1.2","164,040","±6,187","46.3%","±1.5","153,027","±5,324","45.3%","±1.4","59,903","±3,257","65.9%","±3.2","30,465","±2,306","67.6%","±4.2","29,438","±2,188","64.3%","±3.7","76,166","±3,984","67.4%","±2.9","40,232","±2,954","68.8%","±3.7","35,934","±2,422","65.9%","±3.5"
"    Population 25 to 34 years","13,806","±1,983","(X)","(X)","7,254","±1,554","(X)","(X)","6,552","±1,202","(X)","(X)","17,163","±3,266","(X)","(X)","9,279","±2,194","(X)","(X)","7,884","±1,512","(X)","(X)","N","N","(X)","(X)","N","N","(X)","(X)","N","N","(X)","(X)","150,188","±5,181","(X)","(X)","84,169","±3,617","(X)","(X)","66,019","±3,091","(X)","(X)","28,460","±3,046","(X)","(X)","13,801","±2,036","(X)","(X)","14,659","±1,934","(X)","(X)","36,332","±3,129","(X)","(X)","20,292","±2,396","(X)","(X)","16,040","±1,768","(X)","(X)"
"        High school graduate or higher","13,251","±1,869","96.0%","±2.6","6,968","±1,526","96.1%","±3.5","6,283","±1,097","95.9%","±3.9","16,697","±3,221","97.3%","±2.5","9,157","±2,154","98.7%","±1.6","7,540","±1,486","95.6%","±5.0","N","N","N","N","N","N","N","N","N","N","N","N","143,443","±5,190","95.5%","±0.9","79,573","±3,624","94.5%","±1.4","63,870","±3,094","96.7%","±1.2","27,931","±3,065","98.1%","±1.7","13,586","±2,035","98.4%","±2.1","14,345","±1,937","97.9%","±2.7","35,204","±3,093","96.9%","±1.7","19,497","±2,387","96.1%","±2.7","15,707","±1,740","97.9%","±1.4"
"        Bachelor's degree or higher","9,648","±1,709","69.9%","±5.9","4,829","±1,197","66.6%","±7.2","4,819","±1,132","73.6%","±8.6","14,301","±2,836","83.3%","±5.1","8,206","±1,961","88.4%","±5.5","6,095","±1,319","77.3%","±7.6","N","N","N","N","N","N","N","N","N","N","N","N","82,926","±5,089","55.2%","±2.6","43,538","±3,436","51.7%","±3.1","39,388","±2,892","59.7%","±3.3","23,836","±3,274","83.8%","±4.8","11,400","±2,072","82.6%","±7.2","12,436","±1,880","84.8%","±5.1","28,159","±2,888","77.5%","±4.5","15,348","±2,273","75.6%","±6.1","12,811","±1,533","79.9%","±5.4"
"    Population 35 to 44 years","13,846","±1,626","(X)","(X)","7,465","±1,266","(X)","(X)","6,381","±1,043","(X)","(X)","15,875","±2,092","(X)","(X)","9,421","±1,372","(X)","(X)","6,454","±1,086","(X)","(X)","N","N","(X)","(X)","N","N","(X)","(X)","N","N","(X)","(X)","146,317","±4,088","(X)","(X)","75,377","±2,893","(X)","(X)","70,940","±2,368","(X)","(X)","19,160","±2,068","(X)","(X)","11,101","±1,491","(X)","(X)","8,059","±1,352","(X)","(X)","21,645","±2,460","(X)","(X)","11,837","±1,434","(X)","(X)","9,808","±1,462","(X)","(X)"
"        High school graduate or higher","12,837","±1,618","92.7%","±4.0","6,811","±1,218","91.2%","±7.5","6,026","±1,026","94.4%","±4.1","14,554","±1,990","91.7%","±6.4","8,942","±1,335","94.9%","±5.2","5,612","±1,065","87.0%","±9.9","N","N","N","N","N","N","N","N","N","N","N","N","126,643","±4,045","86.6%","±1.8","64,486","±2,902","85.6%","±2.5","62,157","±2,472","87.6%","±2.1","18,968","±2,046","99.0%","±1.1","11,015","±1,472","99.2%","±1.0","7,953","±1,319","98.7%","±2.2","20,346","±2,300","94.0%","±3.1","11,232","±1,369","94.9%","±3.6","9,114","±1,414","92.9%","±4.6"
"        Bachelor's degree or higher","10,228","±1,594","73.9%","±6.6","5,317","±1,203","71.2%","±10.0","4,911","±962","77.0%","±8.6","12,226","±1,941","77.0%","±7.6","7,763","±1,374","82.4%","±7.6","4,463","±953","69.2%","±12.5","N","N","N","N","N","N","N","N","N","N","N","N","76,451","±3,316","52.3%","±2.0","38,085","±2,376","50.5%","±2.8","38,366","±2,218","54.1%","±2.9","15,092","±2,024","78.8%","±5.6","8,830","±1,251","79.5%","±7.3","6,262","±1,275","77.7%","±8.6","16,698","±2,067","77.1%","±5.8","9,162","±1,234","77.4%","±6.9","7,536","±1,196","76.8%","±7.0"
"    Population 45 to 64 years","18,812","±1,620","(X)","(X)","10,142","±1,098","(X)","(X)","8,670","±984","(X)","(X)","16,656","±2,145","(X)","(X)","8,676","±1,364","(X)","(X)","7,980","±1,224","(X)","(X)","N","N","(X)","(X)","N","N","(X)","(X)","N","N","(X)","(X)","257,314","±5,200","(X)","(X)","132,201","±3,107","(X)","(X)","125,113","±3,129","(X)","(X)","28,732","±2,760","(X)","(X)","13,737","±1,724","(X)","(X)","14,995","±1,730","(X)","(X)","34,330","±2,879","(X)","(X)","17,164","±1,774","(X)","(X)","17,166","±1,678","(X)","(X)"
"        High school graduate or higher","16,426","±1,601","87.3%","±5.1","8,818","±1,049","86.9%","±6.1","7,608","±960","87.8%","±6.1","16,202","±2,131","97.3%","±2.4","8,443","±1,360","97.3%","±2.3","7,759","±1,202","97.2%","±4.5","N","N","N","N","N","N","N","N","N","N","N","N","213,402","±5,784","82.9%","±1.3","109,265","±3,413","82.7%","±1.5","104,137","±3,158","83.2%","±1.8","26,104","±2,693","90.9%","±4.1","12,244","±1,591","89.1%","±6.5","13,860","±1,742","92.4%","±4.4","32,492","±2,652","94.6%","±2.0","16,463","±1,722","95.9%","±1.9","16,029","±1,575","93.4%","±2.9"
"        Bachelor's degree or higher","8,526","±1,358","45.3%","±6.0","5,193","±871","51.2%","±7.3","3,333","±711","38.4%","±6.8","12,198","±1,660","73.2%","±6.2","6,123","±1,002","70.6%","±7.5","6,075","±1,029","76.1%","±8.1","N","N","N","N","N","N","N","N","N","N","N","N","110,630","±4,940","43.0%","±1.7","57,974","±3,005","43.9%","±2.1","52,656","±3,016","42.1%","±2.3","14,661","±2,223","51.0%","±5.8","7,014","±1,235","51.1%","±7.7","7,647","±1,461","51.0%","±7.0","22,161","±2,358","64.6%","±4.4","11,181","±1,575","65.1%","±6.2","10,980","±1,389","64.0%","±5.7"
"    Population 65 years and over","10,705","±1,430","(X)","(X)","5,586","±1,115","(X)","(X)","5,119","±789","(X)","(X)","9,350","±1,561","(X)","(X)","4,142","±972","(X)","(X)","5,208","±932","(X)","(X)","N","N","(X)","(X)","N","N","(X)","(X)","N","N","(X)","(X)","137,933","±4,883","(X)","(X)","62,559","±2,648","(X)","(X)","75,374","±3,144","(X)","(X)","14,488","±2,099","(X)","(X)","6,412","±1,300","(X)","(X)","8,076","±1,278","(X)","(X)","20,683","±2,993","(X)","(X)","9,183","±1,273","(X)","(X)","11,500","±2,225","(X)","(X)"
"        High school graduate or higher","8,054","±1,257","75.2%","±8.4","4,142","±891","74.1%","±10.5","3,912","±747","76.4%","±8.5","8,348","±1,483","89.3%","±6.8","3,819","±931","92.2%","±7.9","4,529","±871","87.0%","±7.4","N","N","N","N","N","N","N","N","N","N","N","N","110,622","±4,677","80.2%","±1.7","52,836","±2,733","84.5%","±2.1","57,786","±2,907","76.7%","±2.2","12,701","±1,843","87.7%","±4.7","5,565","±1,166","86.8%","±6.9","7,136","±1,184","88.4%","±6.1","17,436","±2,429","84.3%","±4.2","8,070","±1,156","87.9%","±5.8","9,366","±1,949","81.4%","±6.7"
"        Bachelor's degree or higher","2,870","±765","26.8%","±6.4","1,689","±553","30.2%","±7.8","1,181","±397","23.1%","±8.2","5,191","±1,238","55.5%","±8.8","2,646","±841","63.9%","±12.0","2,545","±700","48.9%","±9.8","N","N","N","N","N","N","N","N","N","N","N","N","47,060","±3,305","34.1%","±2.0","24,443","±2,232","39.1%","±3.1","22,617","±1,890","30.0%","±2.2","6,314","±1,292","43.6%","±6.6","3,221","±792","50.2%","±8.8","3,093","±890","38.3%","±8.5","9,148","±1,580","44.2%","±6.0","4,541","±976","49.5%","±8.8","4,607","±1,183","40.1%","±7.0"
"RACE AND HISPANIC OR LATINO ORIGIN BY EDUCATIONAL ATTAINMENT","","","","","","","","","","","","","","","","","","","","","","","","","","","","","","","","","","","","","","","","","","","","","","","","","","","","","","","","","","","","","","","","","","","","","","","",""
"    White alone","6,880","±1,515","(X)","(X)","4,604","±1,191","(X)","(X)","2,276","±609","(X)","(X)","24,164","±2,272","(X)","(X)","13,784","±1,657","(X)","(X)","10,380","±1,272","(X)","(X)","24,393","±3,047","(X)","(X)","12,240","±1,624","(X)","(X)","12,153","±1,854","(X)","(X)","192,818","±6,221","(X)","(X)","100,322","±3,947","(X)","(X)","92,496","±3,470","(X)","(X)","33,131","±3,418","(X)","(X)","17,256","±2,120","(X)","(X)","15,875","±1,744","(X)","(X)","36,156","±3,298","(X)","(X)","18,172","±2,014","(X)","(X)","17,984","±2,251","(X)","(X)"
"        High school graduate or higher","6,573","±1,484","95.5%","±3.1","4,375","±1,172","95.0%","±3.7","2,198","±587","96.6%","±4.1","23,808","±2,251","98.5%","±1.0","13,647","±1,660","99.0%","±0.9","10,161","±1,239","97.9%","±1.7","23,707","±2,950","97.2%","±1.9","11,983","±1,557","97.9%","±2.1","11,724","±1,815","96.5%","±2.9","183,418","±5,946","95.1%","±0.9","95,439","±3,602","95.1%","±1.2","87,979","±3,446","95.1%","±1.1","31,158","±3,225","94.0%","±2.6","16,085","±2,027","93.2%","±3.6","15,073","±1,621","94.9%","±3.6","35,517","±3,311","98.2%","±1.2","17,793","±2,003","97.9%","±1.9","17,724","±2,212","98.6%","±1.3"
"        Bachelor's degree or higher","3,821","±1,031","55.5%","±7.9","2,752","±853","59.8%","±8.8","1,069","±418","47.0%","±14.0","19,065","±2,343","78.9%","±4.8","11,274","±1,624","81.8%","±5.2","7,791","±1,284","75.1%","±7.1","19,919","±2,337","81.7%","±4.6","10,454","±1,339","85.4%","±6.5","9,465","±1,347","77.9%","±5.5","102,709","±5,073","53.3%","±2.2","55,064","±3,774","54.9%","±2.9","47,645","±2,629","51.5%","±2.5","17,899","±2,261","54.0%","±5.8","10,095","±1,528","58.5%","±7.5","7,804","±1,273","49.2%","±7.4","23,070","±2,746","63.8%","±4.8","11,935","±1,788","65.7%","±6.4","11,135","±1,807","61.9%","±6.2"
"    White alone, not Hispanic or Latino","6,340","±1,434","(X)","(X)","4,381","±1,140","(X)","(X)","1,959","±570","(X)","(X)","23,448","±2,282","(X)","(X)","13,427","±1,659","(X)","(X)","10,021","±1,260","(X)","(X)","24,219","±3,052","(X)","(X)","12,162","±1,636","(X)","(X)","12,057","±1,861","(X)","(X)","177,449","±5,588","(X)","(X)","93,157","±3,707","(X)","(X)","84,292","±2,983","(X)","(X)","31,627","±3,446","(X)","(X)","16,642","±2,120","(X)","(X)","14,985","±1,759","(X)","(X)","34,867","±3,164","(X)","(X)","17,619","±1,908","(X)","(X)","17,248","±2,219","(X)","(X)"
"        High school graduate or higher","6,083","±1,433","95.9%","±3.1","4,202","±1,143","95.9%","±3.7","1,881","±550","96.0%","±4.7","23,092","±2,264","98.5%","±1.0","13,290","±1,662","99.0%","±0.9","9,802","±1,232","97.8%","±1.8","23,533","±2,954","97.2%","±1.9","11,905","±1,570","97.9%","±2.1","11,628","±1,817","96.4%","±2.9","170,310","±5,436","96.0%","±0.9","89,531","±3,413","96.1%","±1.1","80,779","±3,003","95.8%","±1.2","29,838","±3,234","94.3%","±2.7","15,580","±2,023","93.6%","±3.6","14,258","±1,630","95.1%","±3.7","34,285","±3,167","98.3%","±1.2","17,269","±1,890","98.0%","±1.9","17,016","±2,175","98.7%","±1.3"
"        Bachelor's degree or higher","3,677","±1,029","58.0%","±8.2","2,675","±843","61.1%","±9.3","1,002","±406","51.1%","±13.9","18,629","±2,362","79.4%","±5.0","11,116","±1,631","82.8%","±5.3","7,513","±1,264","75.0%","±7.3","19,745","±2,342","81.5%","±4.7","10,376","±1,346","85.3%","±6.6","9,369","±1,355","77.7%","±5.6","98,373","±4,770","55.4%","±2.3","53,045","±3,544","56.9%","±3.1","45,328","±2,556","53.8%","±2.7","17,153","±2,282","54.2%","±6.0","9,724","±1,516","58.4%","±7.5","7,429","±1,279","49.6%","±7.7","22,799","±2,726","65.4%","±4.8","11,844","±1,765","67.2%","±6.4","10,955","±1,819","63.5%","±6.3"
"    Black alone","N","N","(X)","(X)","N","N","(X)","(X)","N","N","(X)","(X)","N","N","(X)","(X)","N","N","(X)","(X)","N","N","(X)","(X)","N","N","(X)","(X)","N","N","(X)","(X)","N","N","(X)","(X)","21,876","±2,589","(X)","(X)","12,031","±1,651","(X)","(X)","9,845","±1,357","(X)","(X)","N","N","(X)","(X)","N","N","(X)","(X)","N","N","(X)","(X)","N","N","(X)","(X)","N","N","(X)","(X)","N","N","(X)","(X)"
"        High school graduate or higher","N","N","N","N","N","N","N","N","N","N","N","N","N","N","N","N","N","N","N","N","N","N","N","N","N","N","N","N","N","N","N","N","N","N","N","N","20,039","±2,507","91.6%","±3.5","11,283","±1,680","93.8%","±3.8","8,756","±1,261","88.9%","±6.0","N","N","N","N","N","N","N","N","N","N","N","N","N","N","N","N","N","N","N","N","N","N","N","N"
"        Bachelor's degree or higher","N","N","N","N","N","N","N","N","N","N","N","N","N","N","N","N","N","N","N","N","N","N","N","N","N","N","N","N","N","N","N","N","N","N","N","N","8,687","±1,750","39.7%","±6.4","4,927","±1,356","41.0%","±9.2","3,760","±882","38.2%","±8.1","N","N","N","N","N","N","N","N","N","N","N","N","N","N","N","N","N","N","N","N","N","N","N","N"
"    American Indian or Alaska Native alone","N","N","(X)","(X)","N","N","(X)","(X)","N","N","(X)","(X)","N","N","(X)","(X)","N","N","(X)","(X)","N","N","(X)","(X)","N","N","(X)","(X)","N","N","(X)","(X)","N","N","(X)","(X)","7,111","±1,855","(X)","(X)","3,704","±1,044","(X)","(X)","3,407","±1,058","(X)","(X)","N","N","(X)","(X)","N","N","(X)","(X)","N","N","(X)","(X)","N","N","(X)","(X)","N","N","(X)","(X)","N","N","(X)","(X)"
"        High school graduate or higher","N","N","N","N","N","N","N","N","N","N","N","N","N","N","N","N","N","N","N","N","N","N","N","N","N","N","N","N","N","N","N","N","N","N","N","N","5,226","±1,530","73.5%","±11.1","2,811","±913","75.9%","±11.1","2,415","±874","70.9%","±14.5","N","N","N","N","N","N","N","N","N","N","N","N","N","N","N","N","N","N","N","N","N","N","N","N"
"        Bachelor's degree or higher","N","N","N","N","N","N","N","N","N","N","N","N","N","N","N","N","N","N","N","N","N","N","N","N","N","N","N","N","N","N","N","N","N","N","N","N","1,322","±508","18.6%","±7.4","781","±388","21.1%","±10.3","541","±306","15.9%","±8.8","N","N","N","N","N","N","N","N","N","N","N","N","N","N","N","N","N","N","N","N","N","N","N","N"
"    Asian alone","40,931","±2,742","(X)","(X)","20,401","±1,752","(X)","(X)","20,530","±1,529","(X)","(X)","22,444","±2,692","(X)","(X)","11,507","±1,697","(X)","(X)","10,937","±1,546","(X)","(X)","14,892","±1,855","(X)","(X)","7,368","±1,353","(X)","(X)","7,524","±886","(X)","(X)","285,549","±6,474","(X)","(X)","141,776","±4,051","(X)","(X)","143,773","±3,425","(X)","(X)","42,724","±3,764","(X)","(X)","20,471","±2,330","(X)","(X)","22,253","±2,231","(X)","(X)","55,750","±3,821","(X)","(X)","28,709","±2,607","(X)","(X)","27,041","±2,092","(X)","(X)"
"        High school graduate or higher","36,581","±2,382","89.4%","±2.8","18,237","±1,596","89.4%","±3.5","18,344","±1,383","89.4%","±3.0","21,781","±2,615","97.0%","±2.8","11,288","±1,683","98.1%","±2.7","10,493","±1,485","95.9%","±3.3","14,717","±1,863","98.8%","±1.2","7,277","±1,360","98.8%","±1.8","7,440","±889","98.9%","±1.5","252,702","±6,769","88.5%","±1.2","128,522","±4,159","90.7%","±1.2","124,180","±3,720","86.4%","±1.6","40,836","±3,622","95.6%","±2.5","19,469","±2,214","95.1%","±3.1","21,367","±2,218","96.0%","±2.3","53,113","±3,686","95.3%","±1.4","27,988","±2,595","97.5%","±1.2","25,125","±1,977","92.9%","±2.3"
"        Bachelor's degree or higher","24,914","±2,253","60.9%","±4.6","12,908","±1,439","63.3%","±5.7","12,006","±1,293","58.5%","±5.1","19,024","±2,519","84.8%","±4.7","10,196","±1,600","88.6%","±5.4","8,828","±1,434","80.7%","±5.5","13,133","±1,506","88.2%","±5.8","6,347","±989","86.1%","±9.1","6,786","±801","90.2%","±4.8","170,046","±7,077","59.6%","±2.0","87,380","±4,435","61.6%","±2.5","82,666","±3,655","57.5%","±2.3","34,531","±3,283","80.8%","±3.5","16,735","±2,136","81.7%","±4.7","17,796","±2,106","80.0%","±4.2","45,066","±3,415","80.8%","±3.2","24,051","±2,413","83.8%","±4.0","21,015","±1,910","77.7%","±3.8"
"    Native Hawaiian and Other Pacific Islander alone","N","N","(X)","(X)","N","N","(X)","(X)","N","N","(X)","(X)","N","N","(X)","(X)","N","N","(X)","(X)","N","N","(X)","(X)","N","N","(X)","(X)","N","N","(X)","(X)","N","N","(X)","(X)","2,866","±892","(X)","(X)","1,408","±596","(X)","(X)","1,458","±558","(X)","(X)","N","N","(X)","(X)","N","N","(X)","(X)","N","N","(X)","(X)","N","N","(X)","(X)","N","N","(X)","(X)","N","N","(X)","(X)"
"        High school graduate or higher","N","N","N","N","N","N","N","N","N","N","N","N","N","N","N","N","N","N","N","N","N","N","N","N","N","N","N","N","N","N","N","N","N","N","N","N","2,523","±842","88.0%","±9.3","1,065","±531","75.6%","±18.4","1,458","±558","100.0%","±12.6","N","N","N","N","N","N","N","N","N","N","N","N","N","N","N","N","N","N","N","N","N","N","N","N"
"        Bachelor's degree or higher","N","N","N","N","N","N","N","N","N","N","N","N","N","N","N","N","N","N","N","N","N","N","N","N","N","N","N","N","N","N","N","N","N","N","N","N","484","±479","16.9%","±16.4","301","±370","21.4%","±23.1","183","±288","12.6%","±19.4","N","N","N","N","N","N","N","N","N","N","N","N","N","N","N","N","N","N","N","N","N","N","N","N"
"    Some other race alone","3,937","±1,630","(X)","(X)","2,474","±1,218","(X)","(X)","1,463","±697","(X)","(X)","3,985","±1,654","(X)","(X)","1,784","±898","(X)","(X)","2,201","±1,078","(X)","(X)","N","N","(X)","(X)","N","N","(X)","(X)","N","N","(X)","(X)","80,056","±6,295","(X)","(X)","42,741","±3,927","(X)","(X)","37,315","±3,467","(X)","(X)","5,860","±1,953","(X)","(X)","3,139","±1,160","(X)","(X)","2,721","±1,026","(X)","(X)","10,550","±2,053","(X)","(X)","5,715","±1,508","(X)","(X)","4,835","±1,218","(X)","(X)"
"        High school graduate or higher","2,823","±1,133","71.7%","±16.2","1,626","±790","65.7%","±21.2","1,197","±635","81.8%","±16.3","2,880","±1,202","72.3%","±15.7","1,394","±838","78.1%","±21.0","1,486","±854","67.5%","±22.7","N","N","N","N","N","N","N","N","N","N","N","N","54,615","±5,013","68.2%","±3.4","29,006","±3,033","67.9%","±4.1","25,609","±3,016","68.6%","±4.2","5,210","±1,921","88.9%","±8.8","2,843","±1,162","90.6%","±7.1","2,367","±982","87.0%","±13.9","6,897","±1,681","65.4%","±9.0","3,780","±1,441","66.1%","±14.0","3,117","±1,138","64.5%","±13.3"
"        Bachelor's degree or higher","772","±394","19.6%","±9.2","471","±313","19.0%","±11.2","301","±340","20.6%","±20.4","1,222","±760","30.7%","±15.7","572","±470","32.1%","±20.4","650","±615","29.5%","±23.4","N","N","N","N","N","N","N","N","N","N","N","N","10,328","±1,717","12.9%","±2.0","5,164","±1,426","12.1%","±3.2","5,164","±1,111","13.8%","±2.8","2,364","±1,350","40.3%","±16.8","1,245","±795","39.7%","±19.3","1,119","±716","41.1%","±19.3","2,315","±1,184","21.9%","±9.9","1,537","±1,041","26.9%","±15.3","778","±528","16.1%","±10.7"
"    Two or more races","3,892","±1,301","(X)","(X)","2,040","±805","(X)","(X)","1,852","±700","(X)","(X)","6,182","±1,707","(X)","(X)","3,332","±1,051","(X)","(X)","2,850","±999","(X)","(X)","N","N","(X)","(X)","N","N","(X)","(X)","N","N","(X)","(X)","101,476","±6,933","(X)","(X)","52,324","±4,199","(X)","(X)","49,152","±3,746","(X)","(X)","7,022","±1,468","(X)","(X)","3,289","±893","(X)","(X)","3,733","±1,164","(X)","(X)","7,541","±1,843","(X)","(X)","3,807","±1,089","(X)","(X)","3,734","±1,165","(X)","(X)"
"        High school graduate or higher","3,335","±1,126","85.7%","±11.6","1,837","±710","90.0%","±11.2","1,498","±661","80.9%","±15.3","5,159","±1,259","83.5%","±13.5","2,968","±958","89.1%","±10.8","2,191","±688","76.9%","±19.9","N","N","N","N","N","N","N","N","N","N","N","N","75,587","±5,704","74.5%","±2.9","38,034","±3,606","72.7%","±3.5","37,553","±3,500","76.4%","±3.8","6,397","±1,484","91.1%","±6.7","3,117","±892","94.8%","±6.1","3,280","±1,188","87.9%","±10.6","6,958","±1,630","92.3%","±4.7","3,628","±1,081","95.3%","±4.7","3,330","±1,047","89.2%","±9.3"
"        Bachelor's degree or higher","1,445","±811","37.1%","±15.4","664","±444","32.5%","±16.4","781","±467","42.2%","±18.9","3,795","±1,210","61.4%","±17.1","2,369","±946","71.1%","±17.5","1,426","±587","50.0%","±18.6","N","N","N","N","N","N","N","N","N","N","N","N","23,491","±2,695","23.1%","±2.7","10,423","±1,744","19.9%","±3.5","13,068","±1,788","26.6%","±3.2","3,939","±1,372","56.1%","±12.4","1,781","±681","54.2%","±16.1","2,158","±1,100","57.8%","±16.5","3,878","±1,133","51.4%","±10.0","1,605","±576","42.2%","±12.6","2,273","±862","60.9%","±13.2"
"    Hispanic or Latino Origin","7,202","±1,825","(X)","(X)","4,328","±1,294","(X)","(X)","2,874","±904","(X)","(X)","8,306","±2,171","(X)","(X)","3,875","±1,091","(X)","(X)","4,431","±1,298","(X)","(X)","3,936","±1,556","(X)","(X)","2,245","±926","(X)","(X)","1,691","±802","(X)","(X)","183,858","±4,279","(X)","(X)","95,026","±2,911","(X)","(X)","88,832","±2,563","(X)","(X)","10,419","±2,300","(X)","(X)","4,585","±1,267","(X)","(X)","5,834","±1,459","(X)","(X)","16,075","±2,516","(X)","(X)","8,392","±1,622","(X)","(X)","7,683","±1,532","(X)","(X)"
"        High school graduate or higher","5,480","±1,352","76.1%","±8.6","3,177","±879","73.4%","±11.2","2,303","±810","80.1%","±11.5","6,253","±1,568","75.3%","±11.9","3,196","±935","82.5%","±12.4","3,057","±961","69.0%","±15.8","2,742","±1,044","69.7%","±20.1","1,947","±912","86.7%","±18.3","795","±389","47.0%","±26.7","129,423","±4,971","70.4%","±2.1","65,315","±2,987","68.7%","±2.3","64,108","±3,178","72.2%","±2.8","8,985","±2,220","86.2%","±6.5","4,008","±1,225","87.4%","±7.1","4,977","±1,432","85.3%","±8.9","11,851","±2,221","73.7%","±6.7","6,318","±1,507","75.3%","±9.2","5,533","±1,362","72.0%","±8.6"
"        Bachelor's degree or higher","1,334","±539","18.5%","±6.5","827","±382","19.1%","±8.1","507","±373","17.6%","±10.8","2,933","±1,214","35.3%","±13.4","1,444","±705","37.3%","±16.3","1,489","±736","33.6%","±14.8","1,637","±675","41.6%","±21.0","1,090","±532","48.6%","±23.8","547","±331","32.3%","±21.5","29,924","±2,805","16.3%","±1.5","13,504","±1,898","14.2%","±1.9","16,420","±1,980","18.5%","±2.2","4,310","±1,623","41.4%","±11.2","1,830","±800","39.9%","±12.5","2,480","±1,213","42.5%","±15.1","4,838","±1,346","30.1%","±7.0","2,375","±967","28.3%","±10.4","2,463","±911","32.1%","±10.1"
"POVERTY RATE FOR THE POPULATION 25 YEARS AND OVER FOR WHOM POVERTY STATUS IS DETERMINED BY EDUCATIONAL ATTAINMENT LEVEL","","","","","","","","","","","","","","","","","","","","","","","","","","","","","","","","","","","","","","","","","","","","","","","","","","","","","","","","","","","","","","","","","","","","","","","",""
"    Less than high school graduate","(X)","(X)","13.4%","±7.8","(X)","(X)","16.5%","±13.6","(X)","(X)","10.1%","±5.7","(X)","(X)","32.0%","±17.3","(X)","(X)","12.4%","±12.0","(X)","(X)","42.9%","±23.8","(X)","(X)","34.8%","±35.3","(X)","(X)","43.2%","±49.9","(X)","(X)","30.5%","±31.5","(X)","(X)","13.1%","±1.9","(X)","(X)","10.3%","±1.9","(X)","(X)","15.9%","±2.7","(X)","(X)","24.6%","±12.3","(X)","(X)","18.9%","±11.0","(X)","(X)","30.5%","±17.1","(X)","(X)","17.2%","±9.5","(X)","(X)","14.4%","±10.9","(X)","(X)","19.3%","±11.7"
"    High school graduate (includes equivalency)","(X)","(X)","9.9%","±7.4","(X)","(X)","7.3%","±7.6","(X)","(X)","11.8%","±9.7","(X)","(X)","12.6%","±8.7","(X)","(X)","10.0%","±9.0","(X)","(X)","16.0%","±12.6","(X)","(X)","9.5%","±10.4","(X)","(X)","2.7%","±5.2","(X)","(X)","18.5%","±21.5","(X)","(X)","11.4%","±1.9","(X)","(X)","10.0%","±2.5","(X)","(X)","13.0%","±2.6","(X)","(X)","11.3%","±6.9","(X)","(X)","8.5%","±11.2","(X)","(X)","14.3%","±8.5","(X)","(X)","15.1%","±5.4","(X)","(X)","13.2%","±7.9","(X)","(X)","17.1%","±7.9"
"    Some college or associate's degree","(X)","(X)","8.2%","±4.0","(X)","(X)","8.3%","±5.4","(X)","(X)","8.1%","±5.2","(X)","(X)","11.4%","±6.0","(X)","(X)","6.4%","±6.1","(X)","(X)","14.7%","±9.0","(X)","(X)","3.2%","±3.1","(X)","(X)","1.8%","±3.0","(X)","(X)","4.5%","±5.1","(X)","(X)","7.5%","±1.2","(X)","(X)","7.6%","±1.6","(X)","(X)","7.4%","±1.4","(X)","(X)","8.0%","±3.8","(X)","(X)","7.5%","±4.6","(X)","(X)","8.4%","±5.9","(X)","(X)","8.4%","±3.6","(X)","(X)","7.9%","±5.0","(X)","(X)","9.0%","±4.8"
"    Bachelor's degree or higher","(X)","(X)","3.4%","±2.3","(X)","(X)","3.2%","±2.3","(X)","(X)","3.7%","±2.7","(X)","(X)","3.1%","±2.0","(X)","(X)","2.5%","±2.0","(X)","(X)","3.8%","±2.6","(X)","(X)","3.2%","±1.7","(X)","(X)","1.5%","±1.6","(X)","(X)","5.1%","±2.7","(X)","(X)","3.0%","±0.5","(X)","(X)","2.5%","±0.6","(X)","(X)","3.4%","±0.7","(X)","(X)","5.2%","±2.0","(X)","(X)","4.4%","±2.4","(X)","(X)","6.1%","±2.4","(X)","(X)","2.5%","±0.9","(X)","(X)","2.8%","±1.2","(X)","(X)","2.1%","±1.1"
"MEDIAN EARNINGS IN THE PAST 12 MONTHS (IN 2021 INFLATION-ADJUSTED DOLLARS)","","","","","","","","","","","","","","","","","","","","","","","","","","","","","","","","","","","","","","","","","","","","","","","","","","","","","","","","","","","","","","","","","","","","","","","",""
"    Population 25 years and over with earnings","74,742","±8,101","(X)","(X)","93,930","±19,206","(X)","(X)","58,599","±6,471","(X)","(X)","123,048","±8,183","(X)","(X)","136,258","±15,601","(X)","(X)","97,684","±14,883","(X)","(X)","127,305","±18,193","(X)","(X)","150,593","±25,069","(X)","(X)","101,451","±27,538","(X)","(X)","65,240","±2,294","(X)","(X)","75,737","±2,432","(X)","(X)","55,546","±2,728","(X)","(X)","98,298","±7,800","(X)","(X)","122,099","±13,074","(X)","(X)","82,173","±5,250","(X)","(X)","102,786","±4,249","(X)","(X)","124,882","±12,923","(X)","(X)","80,431","±11,610","(X)","(X)"
"        Less than high school graduate","26,014","±10,737","(X)","(X)","33,735","±13,434","(X)","(X)","7,481","±30,411","(X)","(X)","27,531","±21,377","(X)","(X)","29,212","±9,069","(X)","(X)","5,956","±4,343","(X)","(X)","40,793","±78,353","(X)","(X)","41,458","±262,762","(X)","(X)","-","**","(X)","(X)","34,607","±1,770","(X)","(X)","41,010","±1,112","(X)","(X)","26,020","±1,990","(X)","(X)","26,449","±9,450","(X)","(X)","30,887","±48,425","(X)","(X)","26,219","±14,530","(X)","(X)","31,719","±17,348","(X)","(X)","37,544","±22,270","(X)","(X)","25,877","±17,579","(X)","(X)"
"        High school graduate (includes equivalency)","35,512","±9,062","(X)","(X)","36,954","±10,847","(X)","(X)","32,582","±19,511","(X)","(X)","42,445","±36,272","(X)","(X)","71,175","±14,902","(X)","(X)","29,428","±12,897","(X)","(X)","41,122","±14,663","(X)","(X)","41,579","±25,725","(X)","(X)","36,133","±31,074","(X)","(X)","40,070","±1,856","(X)","(X)","43,087","±2,821","(X)","(X)","32,415","±4,973","(X)","(X)","52,385","±21,439","(X)","(X)","65,115","±22,725","(X)","(X)","45,923","±16,538","(X)","(X)","46,146","±8,535","(X)","(X)","50,772","±5,740","(X)","(X)","38,036","±11,536","(X)","(X)"
"        Some college or associate's degree","54,429","±5,969","(X)","(X)","66,495","±20,469","(X)","(X)","48,393","±15,495","(X)","(X)","51,299","±28,856","(X)","(X)","102,875","±68,763","(X)","(X)","41,235","±16,931","(X)","(X)","40,658","±36,922","(X)","(X)","17,015","±41,285","(X)","(X)","44,560","±68,707","(X)","(X)","46,640","±2,366","(X)","(X)","52,453","±4,937","(X)","(X)","40,803","±1,677","(X)","(X)","60,368","±13,170","(X)","(X)","74,290","±14,719","(X)","(X)","43,229","±10,250","(X)","(X)","48,613","±10,615","(X)","(X)","53,351","±20,239","(X)","(X)","44,346","±7,720","(X)","(X)"
"        Bachelor's degree","83,935","±14,815","(X)","(X)","101,928","±19,743","(X)","(X)","76,295","±9,692","(X)","(X)","125,945","±12,941","(X)","(X)","136,552","±24,695","(X)","(X)","99,436","±23,211","(X)","(X)","103,964","±37,001","(X)","(X)","144,920","±43,580","(X)","(X)","55,438","±11,037","(X)","(X)","95,697","±7,413","(X)","(X)","116,022","±8,768","(X)","(X)","77,316","±6,840","(X)","(X)","108,152","±15,891","(X)","(X)","133,839","±21,413","(X)","(X)","84,504","±16,606","(X)","(X)","102,819","±7,052","(X)","(X)","133,086","±29,157","(X)","(X)","90,421","±17,142","(X)","(X)"
"        Graduate or professional degree","155,779","±12,324","(X)","(X)","175,645","±16,673","(X)","(X)","102,887","±24,674","(X)","(X)","151,476","±10,760","(X)","(X)","159,943","±32,661","(X)","(X)","135,597","±34,478","(X)","(X)","156,795","±19,094","(X)","(X)","189,862","±24,500","(X)","(X)","133,256","±19,558","(X)","(X)","138,910","±6,401","(X)","(X)","165,890","±6,521","(X)","(X)","109,366","±6,337","(X)","(X)","144,001","±10,334","(X)","(X)","156,875","±23,845","(X)","(X)","116,416","±10,492","(X)","(X)","150,961","±9,755","(X)","(X)","172,875","±24,386","(X)","(X)","120,335","±20,307","(X)","(X)"